"Time_Iter","Outer_Iter","Inner_Iter",    "rms[Rho]"    ,    "rms[RhoU]"   ,    "rms[RhoV]"   ,    "rms[RhoE]"   
          0,           0,           0,      -5.251291655,      -2.298847381,      -2.952009217,       1.764920233
          0,           0,           1,      -5.386446712,      -2.331473159,      -2.501606324,       1.637863446
          0,           0,           2,      -5.389795503,      -2.343286042,      -2.499854282,       1.633619584
          0,           0,           3,      -5.393651786,      -2.356695349,      -2.496617444,       1.628837809
          0,           0,           4,       -5.39809072,      -2.371726435,      -2.491361685,       1.623462958
          0,           0,           5,      -5.403207544,      -2.388293103,      -2.483490476,       1.617423184
          0,           0,           6,      -5.409126624,      -2.406125181,      -2.472405145,       1.610620206
          0,           0,           7,      -5.416012936,      -2.424665973,      -2.457597839,       1.602917288
          0,           0,           8,      -5.424085148,       -2.44294341,      -2.438765023,       1.594126147
          0,           0,           9,        -5.4336283,      -2.459452616,      -2.415913864,       1.583994916
          0,           0,          10,      -5.445001717,      -2.472153531,      -2.389430529,        1.57220142
          0,           0,          11,      -5.458634188,      -2.478749511,      -2.360082798,       1.558359081
          0,           0,          12,      -5.474988313,      -2.477404133,      -2.328995593,       1.542052476
          0,           0,          13,      -5.494464907,      -2.467675392,      -2.297572426,       1.522929676
          0,           0,          14,      -5.517189984,      -2.451080769,      -2.267424821,       1.500905556
          0,           0,          15,      -5.542591685,      -2.430905413,       -2.24035202,       1.476561253
          0,           0,          16,      -5.568687578,      -2.411422018,      -2.218350968,       1.451810014
          0,           0,          17,      -5.591309369,      -2.397074375,       -2.20363886,       1.430603603
          0,           0,          18,      -5.604285593,      -2.392013758,      -2.198694705,       1.418729587
          0,           0,          19,      -5.602403919,      -2.399745124,      -2.206239093,       1.421036283
          0,           0,          20,      -5.586476086,      -2.422269405,      -2.228517782,       1.436393375
          0,           0,          21,      -5.565140216,       -2.45559912,      -2.263709667,       1.456297768
          0,           0,          22,      -5.547310533,      -2.490321656,        -2.3068023,       1.472598435
          0,           0,          23,      -5.538105244,       -2.51548855,      -2.349868966,       1.480380667
          0,           0,          24,       -5.53953705,      -2.523773234,       -2.38262761,       1.477593494
          0,           0,          25,      -5.551501776,      -2.516470204,      -2.397074907,       1.464268936
          0,           0,          26,      -5.572246851,      -2.501368686,      -2.393460962,       1.442151857
          0,           0,          27,      -5.598396997,      -2.486459723,      -2.379611437,       1.414713422
          0,           0,          28,      -5.625045034,      -2.476661822,       -2.36451163,       1.387053448
          0,           0,          29,      -5.646576111,      -2.473867611,      -2.354204613,       1.364978663
          0,           0,          30,      -5.658753104,      -2.477927662,      -2.351541568,       1.352742289
          0,           0,          31,      -5.660841863,      -2.487451431,      -2.357193109,       1.350861735
          0,           0,          32,      -5.655744398,      -2.500281602,      -2.370413553,       1.356151007
          0,           0,          33,      -5.647920024,      -2.513898646,      -2.389375424,        1.36399746
          0,           0,          34,       -5.64122006,      -2.525930784,      -2.411336899,       1.370549508
          0,           0,          35,      -5.638002862,      -2.534711943,      -2.432887066,       1.373527957
          0,           0,          36,      -5.639152408,      -2.539686783,       -2.45060169,       1.372136654
          0,           0,          37,      -5.644420908,      -2.541414847,       -2.46214824,       1.366687683
          0,           0,          38,      -5.652758354,      -2.541141278,      -2.467188782,        1.35825575
          0,           0,          39,      -5.662616978,      -2.540235411,      -2.467338657,       1.348378494
          0,           0,          40,      -5.672290455,      -2.539779856,      -2.465202181,       1.338723925
          0,           0,          41,      -5.680315827,      -2.540388773,      -2.463275981,       1.330702689
          0,           0,          42,      -5.685838733,      -2.542202116,      -2.463301267,       1.325122913
          0,           0,          43,      -5.688788759,       -2.54498389,      -2.466102317,        1.32203108
          0,           0,          44,      -5.689775209,      -2.548269069,       -2.47168314,       1.320818816
          0,           0,          45,      -5.689765376,      -2.551524328,      -2.479419524,       1.320537093
          0,           0,          46,      -5.689723673,      -2.554294861,      -2.488282541,       1.320245286
          0,           0,          47,      -5.690356134,      -2.556314064,      -2.497095733,       1.319257938
          0,           0,          48,      -5.691990909,      -2.557547625,      -2.504819185,       1.317263166
          0,           0,          49,      -5.694584318,      -2.558156434,      -2.510793904,       1.314318155
          0,           0,          50,      -5.697802808,      -2.558412497,       -2.51487794,       1.310768554
          0,           0,          51,      -5.701152815,      -2.558597857,      -2.517404404,       1.307118693
          0,           0,          52,      -5.704129897,      -2.558922145,      -2.518993728,       1.303880888
          0,           0,          53,      -5.706353191,      -2.559482137,      -2.520318975,       1.301439054
          0,           0,          54,      -5.707649613,      -2.560264312,      -2.521915504,       1.299963887
          0,           0,          55,      -5.708070041,      -2.561177685,      -2.524078476,       1.299396957
          0,           0,          56,      -5.707838945,      -2.562101835,      -2.526845421,       1.299503582
          0,           0,          57,      -5.707265845,      -2.562934039,      -2.530044656,       1.299963607
          0,           0,          58,      -5.706654257,      -2.563621385,      -2.533380987,       1.300464194
          0,           0,          59,      -5.706233627,       -2.56417124,      -2.536533486,       1.300768309
          0,           0,          60,      -5.706127184,      -2.564639436,      -2.539244026,       1.300746797
          0,           0,          61,      -5.706353361,      -2.565106684,      -2.541376678,       1.300376051
          0,           0,          62,      -5.706849122,      -2.565651716,      -2.542934492,       1.299714726
          0,           0,          63,      -5.707505114,      -2.566328919,      -2.544036471,       1.298868673
          0,           0,          64,      -5.708201206,      -2.567156086,      -2.544868346,       1.297956406
          0,           0,          65,      -5.708835656,      -2.568114228,      -2.545626229,       1.297080794
          0,           0,          66,      -5.709341368,      -2.569154531,      -2.546469014,       1.296313653
          0,           0,          67,       -5.70969021,      -2.570211899,      -2.547489884,       1.295691332
          0,           0,          68,      -5.709886147,      -2.571219383,      -2.548709957,        1.29522049
          0,           0,          69,      -5.709951794,       -2.57211947,      -2.550086976,        1.29489063
          0,           0,          70,      -5.709913917,      -2.572870681,      -2.551537111,       1.294686941
          0,           0,          71,      -5.709792603,      -2.573450282,      -2.552961439,       1.294599422
          0,           0,          72,      -5.709595386,      -2.573852931,      -2.554269948,       1.294627748
          0,           0,          73,      -5.709317386,      -2.574085966,      -2.555398455,       1.294780161
          0,           0,          74,      -5.708945866,      -2.574164552,      -2.556316805,       1.295068743
          0,           0,          75,       -5.70846712,      -2.574107711,      -2.557027415,        1.29550282
          0,           0,          76,      -5.707873318,      -2.573935308,       -2.55755671,       1.296082899
          0,           0,          77,      -5.707167658,       -2.57366658,      -2.557944284,       1.296796344
          0,           0,          78,      -5.706365749,      -2.573319644,      -2.558230743,       1.297617369
          0,           0,          79,      -5.705494014,       -2.57291173,      -2.558449609,       1.298509665
          0,           0,          80,      -5.704585659,      -2.572459235,      -2.558623246,       1.299431362
          0,           0,          81,      -5.703675165,      -2.571977458,      -2.558763008,       1.300341178
          0,           0,          82,      -5.702792763,      -2.571479298,      -2.558871756,       1.301204344
          0,           0,          83,      -5.701960417,      -2.570974243,      -2.558948096,       1.301996566
          0,           0,          84,      -5.701189652,      -2.570466926,      -2.558990067,       1.302706004
          0,           0,          85,      -5.700481172,      -2.569956234,      -2.558997469,       1.303333433
          0,           0,          86,      -5.699826643,        -2.5694352,      -2.558972438,        1.30388992
          0,           0,          87,      -5.699211301,      -2.568891601,      -2.558918125,       1.304393867
          0,           0,          88,      -5.698617109,      -2.568309552,      -2.558836871,       1.304867493
          0,           0,          89,       -5.69802582,      -2.567671664,      -2.558728142,        1.30533344
          0,           0,          90,      -5.697421773,      -2.566961659,      -2.558587431,       1.305811541
          0,           0,          91,      -5.696793494,      -2.566166501,       -2.55840587,       1.306316982
          0,           0,          92,      -5.696134356,      -2.565277853,      -2.558171047,       1.306859526
          0,           0,          93,      -5.695442745,      -2.564293124,      -2.557869002,        1.30744312
          0,           0,          94,      -5.694721464,      -2.563215541,      -2.557486674,       1.308066366
          0,           0,          95,      -5.693976652,      -2.562053408,      -2.557014265,        1.30872365
          0,           0,          96,      -5.693216833,      -2.560818906,       -2.55644749,       1.309405888
          0,           0,          97,      -5.692451371,      -2.559526553,       -2.55578833,       1.310102493
          0,           0,          98,      -5.691689536,      -2.558191644,      -2.555045465,       1.310802275
          0,           0,          99,      -5.690939262,       -2.55682889,      -2.554233199,       1.311495103
          0,           0,         100,        -5.6902064,      -2.555451428,      -2.553370058,       1.312172859
          0,           0,         101,      -5.689494115,      -2.554070241,       -2.55247728,       1.312830213
          0,           0,         102,      -5.688802311,      -2.552693904,      -2.551577094,       1.313465503
          0,           0,         103,      -5.688127432,      -2.551328544,      -2.550691421,       1.314081061
          0,           0,         104,      -5.687462615,      -2.549978248,      -2.549841241,       1.314683069
          0,           0,         105,      -5.686798173,      -2.548645571,      -2.549046484,       1.315280999
          0,           0,         106,      -5.686122176,      -2.547331984,       -2.54832625,        1.31588695
          0,           0,         107,      -5.685421353,      -2.546038368,      -2.547699243,       1.316514599
          0,           0,         108,      -5.684682135,      -2.544765421,      -2.547184298,       1.317177963
          0,           0,         109,      -5.683891755,      -2.543513827,      -2.546800632,       1.317890146
          0,           0,         110,       -5.68303921,      -2.542284449,       -2.54656781,       1.318662294
          0,           0,         111,      -5.682116169,      -2.541078364,      -2.546505243,        1.31950266
          0,           0,         112,      -5.681117765,      -2.539896734,      -2.546631417,       1.320415717
          0,           0,         113,      -5.680042882,       -2.53874068,      -2.546962561,       1.321402026
          0,           0,         114,      -5.678894182,      -2.537611106,      -2.547511149,       1.322458366
          0,           0,         115,      -5.677678105,      -2.536508604,      -2.548284341,       1.323577797
          0,           0,         116,      -5.676404521,      -2.535433377,      -2.549282376,       1.324750137
          0,           0,         117,      -5.675086262,      -2.534385242,      -2.550497138,       1.325962511
          0,           0,         118,      -5.673738598,      -2.533363749,      -2.551911029,        1.32719988
          0,           0,         119,        -5.6723787,      -2.532368428,      -2.553496263,       1.328445553
          0,           0,         120,      -5.671024979,      -2.531399032,      -2.555214634,       1.329681795
          0,           0,         121,      -5.669696538,      -2.530455932,      -2.557018029,       1.330890244
          0,           0,         122,      -5.668412575,      -2.529540506,      -2.558849651,        1.33205236
          0,           0,         123,      -5.667191737,      -2.528655433,      -2.560646097,       1.333149945
          0,           0,         124,      -5.666051451,       -2.52780496,       -2.56234029,         1.3341657
          0,           0,         125,      -5.665007217,      -2.526995014,      -2.563865179,       1.335083836
          0,           0,         126,      -5.664071787,      -2.526233097,      -2.565158117,       1.335890892
          0,           0,         127,      -5.663254335,      -2.525528076,      -2.566165565,         1.3365766
          0,           0,         128,      -5.662559713,      -2.524889745,      -2.566847777,       1.337134706
          0,           0,         129,      -5.661987641,      -2.524328163,      -2.567182937,       1.337563936
          0,           0,         130,        -5.6615321,       -2.52385291,      -2.567170233,       1.337868827
          0,           0,         131,       -5.66118095,      -2.523472241,      -2.566831535,        1.33806035
          0,           0,         132,       -5.66091584,       -2.52319224,      -2.566211388,       1.338156253
          0,           0,         133,      -5.660712511,         -2.523016,      -2.565375171,       1.338180996
          0,           0,         134,      -5.660541515,       -2.52294293,      -2.564405646,       1.338165238
          0,           0,         135,      -5.660369425,      -2.522968226,      -2.563398128,       1.338144783
          0,           0,         136,      -5.660160467,      -2.523082584,      -2.562454885,       1.338159007
          0,           0,         137,      -5.659878606,       -2.52327216,      -2.561679163,       1.338248698
          0,           0,         138,       -5.65948986,      -2.523518812,      -2.561169262,       1.338453595
          0,           0,         139,      -5.658964787,      -2.523800587,      -2.561012953,       1.338809576
          0,           0,         140,      -5.658280908,      -2.524092505,      -2.561282641,        1.33934582
          0,           0,         141,      -5.657424789,      -2.524367512,      -2.562031179,       1.340082249
          0,           0,         142,      -5.656393662,        -2.5245976,      -2.563288549,       1.341027375
          0,           0,         143,      -5.655196328,      -2.524755025,      -2.565059357,       1.342176897
          0,           0,         144,      -5.653853222,       -2.52481352,      -2.567321193,       1.343513248
          0,           0,         145,      -5.652395693,      -2.524749509,      -2.570024088,       1.345006015
          0,           0,         146,      -5.650864478,      -2.524543119,      -2.573091138,       1.346613346
          0,           0,         147,      -5.649307506,      -2.524178985,      -2.576420543,       1.348284196
          0,           0,         148,      -5.647777301,      -2.523646857,      -2.579889288,         1.3499611
          0,           0,         149,      -5.646328123,      -2.522941873,       -2.58335872,       1.351583321
          0,           0,         150,      -5.645013118,      -2.522064607,      -2.586681889,       1.353090063
          0,           0,         151,      -5.643881686,      -2.521020823,      -2.589712657,        1.35442348
          0,           0,         152,      -5.642977146,      -2.519821037,      -2.592315645,       1.355531411
          0,           0,         153,      -5.642334849,      -2.518479897,      -2.594376369,       1.356369632
          0,           0,         154,      -5.641980835,      -2.517015495,      -2.595810134,       1.356903514
          0,           0,         155,      -5.641930974,      -2.515448594,      -2.596568579,        1.35710916
          0,           0,         156,      -5.642190725,      -2.513801922,      -2.596642856,       1.356973858
          0,           0,         157,      -5.642755299,      -2.512099466,      -2.596062928,       1.356496111
          0,           0,         158,      -5.643610293,      -2.510365806,      -2.594893214,        1.35568518
          0,           0,         159,      -5.644732694,        -2.5086256,      -2.593225331,       1.354560201
          0,           0,         160,      -5.646092173,      -2.506903098,      -2.591169142,       1.353149006
          0,           0,         161,      -5.647652586,       -2.50522174,      -2.588843371,       1.351486723
          0,           0,         162,      -5.649373622,      -2.503603816,      -2.586367065,       1.349614186
          0,           0,         163,      -5.651212414,      -2.502070123,       -2.58385262,       1.347576361
          0,           0,         164,      -5.653125083,      -2.500639664,      -2.581400848,       1.345420791
          0,           0,         165,      -5.655068098,      -2.499329335,      -2.579098202,       1.343196177
          0,           0,         166,       -5.65699946,      -2.498153681,      -2.577015978,       1.340951061
          0,           0,         167,      -5.658879444,      -2.497124558,      -2.575211099,       1.338732935
          0,           0,         168,      -5.660671128,      -2.496250808,      -2.573728172,        1.33658752
          0,           0,         169,      -5.662340642,      -2.495537989,      -2.572602263,       1.334558292
          0,           0,         170,      -5.663857146,      -2.494988156,      -2.571862104,       1.332686219
          0,           0,         171,      -5.665192737,      -2.494599616,      -2.571533191,       1.331009578
          0,           0,         172,      -5.666322299,      -2.494366808,      -2.571640529,       1.329563821
          0,           0,         173,       -5.66722353,      -2.494280338,      -2.572210869,       1.328381224
          0,           0,         174,      -5.667877136,      -2.494327153,      -2.573274055,       1.327490357
          0,           0,         175,      -5.668267263,      -2.494490836,      -2.574863516,       1.326915331
          0,           0,         176,      -5.668382098,       -2.49475208,      -2.577015765,       1.326674902
          0,           0,         177,      -5.668214799,      -2.495089352,      -2.579769062,       1.326781241
          0,           0,         178,      -5.667764459,      -2.495479734,      -2.583161222,       1.327238683
          0,           0,         179,      -5.667037062,      -2.495899973,      -2.587226776,       1.328042581
          0,           0,         180,      -5.666046255,      -2.496327536,      -2.591993536,       1.329178444
          0,           0,         181,      -5.664813818,      -2.496741829,      -2.597478747,       1.330621425
          0,           0,         182,      -5.663369733,      -2.497125314,      -2.603684937,       1.332336372
          0,           0,         183,      -5.661751731,      -2.497464569,      -2.610595591,       1.334278491
          0,           0,         184,      -5.660004269,      -2.497751177,      -2.618170825,       1.336394722
          0,           0,         185,      -5.658177202,      -2.497982373,      -2.626343236,       1.338625401
          0,           0,         186,      -5.656323984,      -2.498161401,      -2.635014269,       1.340906488
          0,           0,         187,      -5.654499573,      -2.498297547,      -2.644051575,       1.343172108
          0,           0,         188,      -5.652758403,      -2.498405787,      -2.653287935,       1.345356942
          0,           0,         189,       -5.65115225,      -2.498506135,      -2.662522722,       1.347398713
          0,           0,         190,      -5.649728368,      -2.498622715,       -2.67152664,       1.349240322
          0,           0,         191,      -5.648527879,      -2.498782533,      -2.680050683,        1.35083166
          0,           0,         192,      -5.647584386,      -2.499014154,      -2.687839619,        1.35213118
          0,           0,         193,      -5.646923056,      -2.499346213,      -2.694649651,       1.353106905
          0,           0,         194,      -5.646560051,      -2.499805915,      -2.700268749,       1.353737068
          0,           0,         195,      -5.646502252,      -2.500417594,      -2.704536947,       1.354010462
          0,           0,         196,      -5.646747381,      -2.501201391,      -2.707363172,       1.353926347
          0,           0,         197,      -5.647284496,      -2.502172047,      -2.708735385,       1.353493957
          0,           0,         198,      -5.648094707,      -2.503337923,      -2.708721828,       1.352731813
          0,           0,         199,      -5.649152125,      -2.504700201,      -2.707463212,        1.35166679
          0,           0,         200,      -5.650425105,      -2.506252381,      -2.705157592,       1.350332848
          0,           0,         201,      -5.651877641,      -2.507980059,      -2.702041061,       1.348769566
          0,           0,         202,      -5.653470844,      -2.509860984,      -2.698367743,        1.34702061
          0,           0,         203,       -5.65516453,      -2.511865476,      -2.694391796,       1.345132008
          0,           0,         204,      -5.656918845,      -2.513957194,      -2.690353291,       1.343150322
          0,           0,         205,      -5.658695823,      -2.516094314,      -2.686468394,       1.341120831
          0,           0,         206,      -5.660460782,      -2.518231004,      -2.682923604,       1.339085872
          0,           0,         207,      -5.662183551,      -2.520319287,      -2.679873187,       1.337083292
          0,           0,         208,      -5.663839505,      -2.522311135,      -2.677438932,       1.335145056
          0,           0,         209,      -5.665410227,      -2.524160815,       -2.67571124,       1.333296248
          0,           0,         210,      -5.666883879,      -2.525827229,      -2.674750978,       1.331554397
          0,           0,         211,      -5.668255198,      -2.527276144,      -2.674591545,       1.329929264
          0,           0,         212,       -5.66952519,      -2.528482172,      -2.675240832,       1.328422971
          0,           0,         213,      -5.670700504,      -2.529430284,      -2.676683047,       1.327030542
          0,           0,         214,      -5.671792561,      -2.530116723,      -2.678880313,       1.325740794
          0,           0,         215,      -5.672816449,      -2.530549229,      -2.681774175,       1.324537573
          0,           0,         216,      -5.673789744,      -2.530746621,      -2.685287229,       1.323401088
          0,           0,         217,      -5.674731269,      -2.530737683,         -2.689325,       1.322309383
          0,           0,         218,      -5.675659856,      -2.530559444,      -2.693778391,       1.321239836
          0,           0,         219,      -5.676593185,      -2.530255031,      -2.698526728,       1.320170628
          0,           0,         220,      -5.677546793,      -2.529871334,      -2.703441877,       1.319081988
          0,           0,         221,      -5.678533252,       -2.52945654,      -2.708393132,       1.317957297
          0,           0,         222,      -5.679561591,      -2.529057804,      -2.713252903,       1.316783876
          0,           0,         223,       -5.68063695,      -2.528719087,      -2.717902888,       1.315553553
          0,           0,         224,      -5.681760507,       -2.52847937,      -2.722240058,       1.314262864
          0,           0,         225,      -5.682929649,      -2.528371193,       -2.72618199,       1.312913007
          0,           0,         226,      -5.684138459,      -2.528419653,      -2.729670753,       1.311509394
          0,           0,         227,      -5.685378325,      -2.528641785,      -2.732674828,       1.310061069
          0,           0,         228,       -5.68663882,      -2.529046381,      -2.735188601,       1.308579767
          0,           0,         229,      -5.687908671,      -2.529634118,      -2.737229669,       1.307078869
          0,           0,         230,      -5.689176837,      -2.530398088,      -2.738834111,       1.305572167
          0,           0,         231,      -5.690433529,      -2.531324598,      -2.740050342,        1.30407268
          0,           0,         232,      -5.691671196,      -2.532394226,      -2.740932371,       1.302591441
          0,           0,         233,      -5.692885329,       -2.53358307,      -2.741533224,       1.301136459
          0,           0,         234,      -5.694075019,      -2.534864151,      -2.741899205,       1.299711944
          0,           0,         235,      -5.695243249,       -2.53620887,      -2.742065578,       1.298317784
          0,           0,         236,      -5.696396826,      -2.537588461,      -2.742053897,       1.296949456
          0,           0,         237,      -5.697546064,      -2.538975365,      -2.741871273,       1.295598178
          0,           0,         238,      -5.698704069,      -2.540344448,      -2.741511378,       1.294251582
          0,           0,         239,      -5.699885845,      -2.541674015,      -2.740957166,       1.292894579
          0,           0,         240,      -5.701107168,      -2.542946548,      -2.740184997,       1.291510521
          0,           0,         241,      -5.702383315,      -2.544149103,      -2.739169652,       1.290082606
          0,           0,         242,      -5.703727829,      -2.545273472,      -2.737889816,       1.288595235
          0,           0,         243,      -5.705151312,      -2.546315966,      -2.736333416,        1.28703539
          0,           0,         244,      -5.706660331,      -2.547276961,      -2.734502214,       1.285393935
          0,           0,         245,      -5.708256539,      -2.548160265,      -2.732415134,       1.283666687
          0,           0,         246,      -5.709936079,      -2.548972322,          -2.73011,       1.281855195
          0,           0,         247,       -5.71168927,      -2.549721358,      -2.727643515,       1.279967231
          0,           0,         248,      -5.713500647,      -2.550416554,      -2.725089517,       1.278016885
          0,           0,         249,      -5.715349356,      -2.551067278,      -2.722535882,       1.276024268
          0,           0,         250,      -5.717209888,      -2.551682411,      -2.720080432,       1.274014841
          0,           0,         251,      -5.719053081,       -2.55226984,       -2.71782634,        1.27201846
          0,           0,         252,      -5.720847481,      -2.552836162,      -2.715877462,       1.270067951
          0,           0,         253,      -5.722560885,        -2.5533865,      -2.714333989,       1.268197497
          0,           0,         254,      -5.724161972,      -2.553924506,      -2.713288651,       1.266440884
          0,           0,         255,      -5.725621984,      -2.554452503,      -2.712823523,       1.264829655
          0,           0,         256,      -5.726916309,       -2.55497171,      -2.713007527,       1.263391346
          0,           0,         257,      -5.728025848,      -2.555482556,        -2.7138945,       1.262147915
          0,           0,         258,      -5.728938102,      -2.555985061,      -2.715521751,       1.261114447
          0,           0,         259,      -5.729647843,      -2.556479168,      -2.717908974,       1.260298324
          0,           0,         260,      -5.730157386,       -2.55696511,       -2.72105739,       1.259698806
          0,           0,         261,      -5.730476426,      -2.557443674,      -2.724949089,       1.259307105
          0,           0,         262,      -5.730621437,      -2.557916434,      -2.729546438,       1.259106951
          0,           0,         263,      -5.730614758,       -2.55838591,      -2.734791708,       1.259075514
          0,           0,         264,      -5.730483401,      -2.558855641,      -2.740606835,       1.259184648
          0,           0,         265,      -5.730257694,      -2.559330151,      -2.746893583,       1.259402361
          0,           0,         266,      -5.729969866,      -2.559814885,      -2.753534211,       1.259694331
          0,           0,         267,      -5.729652658,       -2.56031606,      -2.760392987,       1.260025414
          0,           0,         268,      -5.729338019,      -2.560840463,      -2.767318766,       1.260361094
          0,           0,         269,      -5.729055975,      -2.561395216,      -2.774148968,       1.260668713
          0,           0,         270,       -5.72883367,      -2.561987521,      -2.780715091,       1.260918533
          0,           0,         271,      -5.728694619,      -2.562624378,      -2.786849758,       1.261084568
          0,           0,         272,      -5.728658161,      -2.563312343,      -2.792395109,       1.261145182
          0,           0,         273,      -5.728739101,       -2.56405724,      -2.797211925,       1.261083505
          0,           0,         274,      -5.728947524,       -2.56486393,      -2.801188618,       1.260887644
          0,           0,         275,      -5.729288757,      -2.565736098,      -2.804249084,       1.260550748
          0,           0,         276,      -5.729763458,      -2.566676041,      -2.806358284,       1.260070933
          0,           0,         277,      -5.730367818,      -2.567684514,      -2.807524758,       1.259451097
          0,           0,         278,      -5.731093865,      -2.568760633,      -2.807799728,       1.258698617
          0,           0,         279,      -5.731929825,      -2.569901762,      -2.807272869,        1.25782501
          0,           0,         280,      -5.732860569,       -2.57110348,      -2.806065502,       1.256845484
          0,           0,         281,      -5.733868129,      -2.572359583,      -2.804322176,       1.255778437
          0,           0,         282,      -5.734932267,      -2.573662154,      -2.802201727,        1.25464489
          0,           0,         283,      -5.736031097,      -2.575001627,      -2.799868773,       1.253467857
          0,           0,         284,      -5.737141776,      -2.576366968,      -2.797486315,       1.252271648
          0,           0,         285,      -5.738241222,      -2.577745864,       -2.79520984,       1.251081126
          0,           0,         286,      -5.739306865,      -2.579124977,      -2.793182954,       1.249920915
          0,           0,         287,      -5.740317425,       -2.58049025,      -2.791534427,       1.248814571
          0,           0,         288,      -5.741253665,      -2.581827235,      -2.790376386,       1.247783759
          0,           0,         289,      -5.742099129,       -2.58312146,      -2.789803351,       1.246847429
          0,           0,         290,      -5.742840801,      -2.584358806,      -2.789891795,       1.246021055
          0,           0,         291,      -5.743469669,      -2.585525921,      -2.790699943,       1.245315971
          0,           0,         292,      -5.743981171,      -2.586610596,      -2.792267614,       1.244738808
          0,           0,         293,       -5.74437547,      -2.587602133,      -2.794615953,       1.244291122
          0,           0,         294,      -5.744657573,      -2.588491687,      -2.797746909,       1.243969179
          0,           0,         295,      -5.744837237,      -2.589272529,      -2.801642426,       1.243763978
          0,           0,         296,      -5.744928707,      -2.589940268,      -2.806263364,       1.243661459
          0,           0,         297,       -5.74495026,      -2.590492993,      -2.811548192,       1.243642941
          0,           0,         298,      -5.744923585,       -2.59093134,      -2.817411669,       1.243685742
          0,           0,         299,      -5.744873028,      -2.591258463,      -2.823743707,       1.243763969
          0,           0,         300,      -5.744824737,      -2.591479939,      -2.830408795,       1.243849432
          0,           0,         301,      -5.744805738,      -2.591603594,      -2.837246506,       1.243912639
          0,           0,         302,      -5.744842992,      -2.591639268,      -2.844073646,        1.24392383
          0,           0,         303,      -5.744962438,       -2.59159852,      -2.850688632,       1.243854037
          0,           0,         304,      -5.745188084,      -2.591494292,      -2.856878589,       1.243676105
          0,           0,         305,      -5.745541173,      -2.591340535,      -2.862429369,        1.24336563
          0,           0,         306,      -5.746039439,      -2.591151861,      -2.867138188,       1.242901803
          0,           0,         307,      -5.746696471,      -2.590943161,        -2.8708279,       1.242268147
          0,           0,         308,      -5.747521199,      -2.590729235,      -2.873361239,       1.241453129
          0,           0,         309,      -5.748517529,       -2.59052446,      -2.874652933,       1.240450605
          0,           0,         310,      -5.749684125,      -2.590342482,      -2.874677601,       1.239260118
          0,           0,         311,      -5.751014349,      -2.590195961,      -2.873471939,       1.237887021
          0,           0,         312,      -5.752496368,      -2.590096313,       -2.87113076,       1.236342428
          0,           0,         313,      -5.754113434,      -2.590053511,      -2.867797623,       1.234642977
          0,           0,         314,      -5.755844337,       -2.59007598,      -2.863651773,       1.232810396
          0,           0,         315,       -5.75766403,      -2.590170466,      -2.858893563,       1.230870891
          0,           0,         316,      -5.759544409,      -2.590341967,       -2.85373037,       1.228854338
          0,           0,         317,      -5.761455261,      -2.590593745,      -2.848364513,       1.226793296
          0,           0,         318,      -5.763365299,      -2.590927291,      -2.842983953,       1.224721884
          0,           0,         319,      -5.765243301,      -2.591342413,      -2.837755947,       1.222674547
          0,           0,         320,      -5.767059277,      -2.591837278,      -2.832823402,       1.220684744
          0,           0,         321,      -5.768785604,      -2.592408547,      -2.828303369,       1.218783653
          0,           0,         322,       -5.77039808,      -2.593051513,       -2.82428713,       1.216998948
          0,           0,         323,      -5.771876843,      -2.593760224,      -2.820841342,       1.215353692
          0,           0,         324,      -5.773207077,      -2.594527667,      -2.818009776,       1.213865466
          0,           0,         325,      -5.774379474,      -2.595345969,      -2.815815385,       1.212545753
          0,           0,         326,      -5.775390421,      -2.596206561,      -2.814262478,       1.211399638
          0,           0,         327,      -5.776241902,      -2.597100399,      -2.813338868,       1.210425836
          0,           0,         328,      -5.776941138,      -2.598018161,      -2.813017971,       1.209617023
          0,           0,         329,      -5.777499987,      -2.598950464,       -2.81326083,       1.208960461
          0,           0,         330,      -5.777934153,      -2.599888067,      -2.814018084,       1.208438861
          0,           0,         331,       -5.77826226,      -2.600822083,      -2.815231905,       1.208031408
          0,           0,         332,      -5.778504874,      -2.601744172,      -2.816837945,       1.207714878
          0,           0,         333,      -5.778683498,      -2.602646716,      -2.818767281,       1.207464788
          0,           0,         334,      -5.778819631,      -2.603523008,      -2.820948389,       1.207256493
          0,           0,         335,      -5.778933919,      -2.604367376,      -2.823309094,        1.20706618
          0,           0,         336,      -5.779045431,      -2.605175346,      -2.825778479,       1.206871726
          0,           0,         337,      -5.779171086,      -2.605943722,      -2.828288696,       1.206653392
          0,           0,         338,      -5.779325239,      -2.606670668,      -2.830776615,       1.206394322
          0,           0,         339,      -5.779519422,      -2.607355756,      -2.833185215,       1.206080889
          0,           0,         340,       -5.77976223,      -2.607999964,      -2.835464688,       1.205702851
          0,           0,         341,      -5.780059338,      -2.608605663,      -2.837573193,       1.205253367
          0,           0,         342,      -5.780413633,       -2.60917655,      -2.839477259,       1.204728873
          0,           0,         343,      -5.780825429,      -2.609717542,      -2.841151826,       1.204128875
          0,           0,         344,      -5.781292743,      -2.610234645,      -2.842579978,       1.203455646
          0,           0,         345,      -5.781811624,      -2.610734791,      -2.843752426,        1.20271388
          0,           0,         346,      -5.782376493,      -2.611225638,      -2.844666847,       1.201910308
          0,           0,         347,      -5.782980501,      -2.611715346,      -2.845327115,       1.201053312
          0,           0,         348,      -5.783615858,      -2.612212337,      -2.845742539,       1.200152541
          0,           0,         349,      -5.784274151,      -2.612725046,       -2.84592715,       1.199218564
          0,           0,         350,      -5.784946626,      -2.613261659,      -2.845899088,       1.198262532
          0,           0,         351,       -5.78562443,      -2.613829856,      -2.845680094,       1.197295901
          0,           0,         352,      -5.786298826,      -2.614436563,      -2.845295108,        1.19633018
          0,           0,         353,      -5.786961359,      -2.615087719,      -2.844771937,       1.195376722
          0,           0,         354,       -5.78760401,      -2.615788071,      -2.844140971,       1.194446546
          0,           0,         355,       -5.78821931,      -2.616540987,      -2.843434907,       1.193550184
          0,           0,         356,      -5.788800443,      -2.617348318,      -2.842688429,       1.192697556
          0,           0,         357,      -5.789341346,      -2.618210281,       -2.84193782,       1.191897838
          0,           0,         358,      -5.789836793,        -2.6191254,       -2.84122049,       1.191159348
          0,           0,         359,      -5.790282485,      -2.620090491,      -2.840574419,       1.190489424
          0,           0,         360,      -5.790675137,      -2.621100682,      -2.840037499,        1.18989431
          0,           0,         361,      -5.791012575,      -2.622149501,      -2.839646809,       1.189379017
          0,           0,         362,      -5.791293825,      -2.623228995,      -2.839437831,       1.188947199
          0,           0,         363,      -5.791519195,      -2.624329905,      -2.839443633,       1.188601027
          0,           0,         364,      -5.791690348,      -2.625441878,      -2.839694064,       1.188341085
          0,           0,         365,       -5.79181035,      -2.626553719,      -2.840214965,       1.188166275
          0,           0,         366,      -5.791883696,      -2.627653675,      -2.841027426,       1.188073763
          0,           0,         367,      -5.791916289,      -2.628729733,      -2.842147115,       1.188058968
          0,           0,         368,      -5.791915397,      -2.629769944,      -2.843583703,        1.18811559
          0,           0,         369,      -5.791889553,      -2.630762738,      -2.845340382,       1.188235694
          0,           0,         370,      -5.791848416,      -2.631697234,      -2.847413506,        1.18840985
          0,           0,         371,      -5.791802586,      -2.632563531,      -2.849792379,       1.188627325
          0,           0,         372,      -5.791763386,      -2.633352967,      -2.852459185,       1.188876323
          0,           0,         373,      -5.791742608,      -2.634058337,      -2.855389091,       1.189144261
          0,           0,         374,      -5.791752238,      -2.634674058,      -2.858550556,       1.189418085
          0,           0,         375,       -5.79180416,      -2.635196292,       -2.86190584,       1.189684595
          0,           0,         376,       -5.79190987,      -2.635622985,      -2.865411754,       1.189930779
          0,           0,         377,      -5.792080176,      -2.635953877,      -2.869020631,       1.190144143
          0,           0,         378,      -5.792324934,       -2.63619043,      -2.872681558,       1.190313021
          0,           0,         379,      -5.792652792,      -2.636335711,      -2.876341825,       1.190426859
          0,           0,         380,      -5.793070968,      -2.636394242,      -2.879948543,       1.190476465
          0,           0,         381,      -5.793585071,        -2.6363718,       -2.88345041,        1.19045421
          0,           0,         382,      -5.794198959,       -2.63627519,       -2.88679951,       1.190354181
          0,           0,         383,      -5.794914642,      -2.636112013,      -2.889953067,       1.190172285
          0,           0,         384,      -5.795732232,      -2.635890414,      -2.892875038,       1.189906301
          0,           0,         385,       -5.79664994,      -2.635618852,      -2.895537422,        1.18955587
          0,           0,         386,      -5.797664126,      -2.635305863,        -2.8979212,       1.189122441
          0,           0,         387,      -5.798769381,      -2.634959864,      -2.900016834,       1.188609172
          0,           0,         388,      -5.799958666,      -2.634588966,      -2.901824267,       1.188020769
          0,           0,         389,      -5.801223478,      -2.634200825,      -2.903352451,       1.187363311
          0,           0,         390,      -5.802554062,      -2.633802523,      -2.904618411,       1.186644023
          0,           0,         391,      -5.803939641,      -2.633400496,      -2.905645953,       1.185871022
          0,           0,         392,      -5.805368687,      -2.633000469,      -2.906464107,       1.185053053
          0,           0,         393,      -5.806829184,      -2.632607448,      -2.907105412,       1.184199209
          0,           0,         394,       -5.80830893,      -2.632225723,      -2.907604149,       1.183318645
          0,           0,         395,      -5.809795809,      -2.631858902,       -2.90799465,       1.182420309
          0,           0,         396,      -5.811278083,       -2.63150996,       -2.90830975,       1.181512672
          0,           0,         397,      -5.812744652,      -2.631181311,      -2.908579449,       1.180603492
          0,           0,         398,      -5.814185295,      -2.630874887,      -2.908829814,       1.179699607
          0,           0,         399,      -5.815590876,      -2.630592225,      -2.909082168,       1.178806762
          0,           0,         400,      -5.816953514,      -2.630334554,       -2.90935254,       1.177929487
          0,           0,         401,      -5.818266708,      -2.630102879,      -2.909651402,       1.177071011
          0,           0,         402,      -5.819525409,      -2.629898062,      -2.909983671,       1.176233241
          0,           0,         403,      -5.820726047,        -2.6297209,      -2.910348923,       1.175416775
          0,           0,         404,      -5.821866505,      -2.629572182,      -2.910741866,       1.174620976
          0,           0,         405,      -5.822946039,      -2.629452734,      -2.911152992,       1.173844085
          0,           0,         406,      -5.823965166,      -2.629363453,      -2.911569404,       1.173083377
          0,           0,         407,      -5.824925499,      -2.629305324,      -2.911975778,       1.172335347
          0,           0,         408,      -5.825829565,      -2.629279423,      -2.912355429,       1.171595925
          0,           0,         409,      -5.826680587,      -2.629286907,       -2.91269145,       1.170860706
          0,           0,         410,       -5.82748227,      -2.629328994,      -2.912967838,       1.170125183
          0,           0,         411,      -5.828238566,      -2.629406926,      -2.913170608,       1.169384984
          0,           0,         412,      -5.828953458,      -2.629521931,      -2.913288786,       1.168636106
          0,           0,         413,      -5.829630756,      -2.629675175,      -2.913315272,       1.167875108
          0,           0,         414,      -5.830273912,      -2.629867713,       -2.91324749,         1.1670993
          0,           0,         415,      -5.830885881,      -2.630100444,      -2.913087806,       1.166306886
          0,           0,         416,      -5.831469001,      -2.630374058,      -2.912843666,       1.165497066
          0,           0,         417,      -5.832024924,      -2.630689013,      -2.912527473,       1.164670105
          0,           0,         418,      -5.832554592,       -2.63104548,       -2.91215621,       1.163827344
          0,           0,         419,      -5.833058247,      -2.631443339,      -2.911750777,       1.162971176
          0,           0,         420,      -5.833535492,      -2.631882154,      -2.911335158,        1.16210496
          0,           0,         421,       -5.83398539,      -2.632361183,      -2.910935407,       1.161232908
          0,           0,         422,      -5.834406591,      -2.632879378,      -2.910578531,        1.16035992
          0,           0,         423,      -5.834797494,      -2.633435411,      -2.910291313,       1.159491382
          0,           0,         424,      -5.835156429,       -2.63402771,      -2.910099143,       1.158632944
          0,           0,         425,      -5.835481839,       -2.63465449,      -2.910024869,        1.15779028
          0,           0,         426,      -5.835772478,      -2.635313815,      -2.910087739,       1.156968832
          0,           0,         427,      -5.836027588,      -2.636003636,       -2.91030245,        1.15617357
          0,           0,         428,      -5.836247063,      -2.636721854,      -2.910678334,       1.155408751
          0,           0,         429,      -5.836431583,      -2.637466381,      -2.911218708,        1.15467772
          0,           0,         430,      -5.836582706,      -2.638235188,      -2.911920397,       1.153982747
          0,           0,         431,      -5.836702928,      -2.639026361,      -2.912773453,         1.1533249
          0,           0,         432,      -5.836795688,       -2.63983814,      -2.913761099,        1.15270398
          0,           0,         433,      -5.836865332,      -2.640668947,      -2.914859908,       1.152118514
          0,           0,         434,      -5.836917019,      -2.641517418,      -2.916040232,         1.1515658
          0,           0,         435,      -5.836956598,      -2.642382413,      -2.917266915,       1.151042024
          0,           0,         436,      -5.836990435,      -2.643263013,      -2.918500264,       1.150542409
          0,           0,         437,      -5.837025215,       -2.64415851,      -2.919697321,       1.150061425
          0,           0,         438,      -5.837067722,      -2.645068383,      -2.920813371,       1.149593027
          0,           0,         439,      -5.837124601,      -2.645992263,      -2.921803668,       1.149130925
          0,           0,         440,      -5.837202123,      -2.646929891,      -2.922625316,        1.14866886
          0,           0,         441,      -5.837305955,      -2.647881068,      -2.923239201,       1.148200882
          0,           0,         442,      -5.837440949,      -2.648845591,      -2.923611873,       1.147721617
          0,           0,         443,      -5.837610952,      -2.649823198,       -2.92371726,       1.147226513
          0,           0,         444,      -5.837818655,      -2.650813505,      -2.923538084,       1.146712051
          0,           0,         445,      -5.838065474,      -2.651815942,      -2.923066887,       1.146175913
          0,           0,         446,      -5.838351484,      -2.652829699,      -2.922306563,       1.145617107
          0,           0,         447,      -5.838675386,       -2.65385367,      -2.921270395,       1.145036029
          0,           0,         448,      -5.839034535,      -2.654886409,      -2.919981558,       1.144434491
          0,           0,         449,      -5.839425011,      -2.655926087,      -2.918472166,        1.14381566
          0,           0,         450,       -5.83984173,      -2.656970465,      -2.916781936,       1.143183979
          0,           0,         451,      -5.840278607,      -2.658016883,      -2.914956585,       1.142545006
          0,           0,         452,      -5.840728749,      -2.659062248,       -2.91304608,        1.14190523
          0,           0,         453,      -5.841184684,      -2.660103039,      -2.911102842,       1.141271829
          0,           0,         454,      -5.841638611,      -2.661135327,      -2.909180025,       1.140652412
          0,           0,         455,      -5.842082666,      -2.662154801,      -2.907329929,       1.140054728
          0,           0,         456,      -5.842509198,      -2.663156813,      -2.905602628,        1.13948637
          0,           0,         457,      -5.842911035,      -2.664136423,      -2.904044805,        1.13895448
          0,           0,         458,      -5.843281739,      -2.665088464,      -2.902698833,       1.138465468
          0,           0,         459,      -5.843615839,      -2.666007608,      -2.901602069,       1.138024749
          0,           0,         460,      -5.843909026,      -2.666888444,       -2.90078636,       1.137636521
          0,           0,         461,       -5.84415832,       -2.66772556,      -2.900277712,       1.137303581
          0,           0,         462,      -5.844362182,      -2.668513637,      -2.900096106,       1.137027191
          0,           0,         463,      -5.844520582,      -2.669247528,      -2.900255436,       1.136807005
          0,           0,         464,      -5.844635012,      -2.669922356,      -2.900763529,       1.136641046
          0,           0,         465,      -5.844708452,      -2.670533604,      -2.901622242,       1.136525747
          0,           0,         466,      -5.844745285,      -2.671077199,      -2.902827606,       1.136456045
          0,           0,         467,       -5.84475117,      -2.671549594,      -2.904370032,       1.136425519
          0,           0,         468,      -5.844732874,      -2.671947842,      -2.906234548,       1.136426583
          0,           0,         469,      -5.844698075,      -2.672269665,      -2.908401089,       1.136450705
          0,           0,         470,      -5.844655138,      -2.672513507,      -2.910844846,       1.136488662
          0,           0,         471,      -5.844612871,      -2.672678576,      -2.913536665,       1.136530803
          0,           0,         472,      -5.844580286,      -2.672764877,      -2.916443547,       1.136567329
          0,           0,         473,       -5.84456634,      -2.672773228,       -2.91952921,       1.136588567
          0,           0,         474,      -5.844579698,      -2.672705269,      -2.922754762,       1.136585245
          0,           0,         475,      -5.844628498,      -2.672563437,       -2.92607948,       1.136548741
          0,           0,         476,      -5.844720135,      -2.672350955,      -2.929461708,       1.136471322
          0,           0,         477,      -5.844861069,       -2.67207179,      -2.932859837,       1.136346353
          0,           0,         478,      -5.845056651,      -2.671730611,      -2.936233344,       1.136168481
          0,           0,         479,      -5.845310986,      -2.671332731,      -2.939543925,       1.135933781
          0,           0,         480,      -5.845626812,      -2.670884038,      -2.942756599,        1.13563988
          0,           0,         481,      -5.846005419,      -2.670390941,      -2.945840776,       1.135286037
          0,           0,         482,      -5.846446602,      -2.669860286,      -2.948771212,       1.134873185
          0,           0,         483,      -5.846948633,        -2.6692993,       -2.95152881,       1.134403941
          0,           0,         484,      -5.847508283,      -2.668715518,      -2.954101204,       1.133882582
          0,           0,         485,      -5.848120862,       -2.66811672,       -2.95648307,       1.133314976
          0,           0,         486,        -5.8487803,      -2.667510876,       -2.95867615,       1.132708478
          0,           0,         487,      -5.849479259,      -2.666906101,      -2.960688964,       1.132071791
          0,           0,         488,      -5.850209268,      -2.666310616,      -2.962536224,       1.131414798
          0,           0,         489,      -5.850960892,      -2.665732722,      -2.964237984,       1.130748358
          0,           0,         490,      -5.851723928,      -2.665180783,      -2.965818543,        1.13008407
          0,           0,         491,      -5.852487617,      -2.664663221,      -2.967305186,       1.129434022
          0,           0,         492,      -5.853240873,      -2.664188518,       -2.96872681,       1.128810516
          0,           0,         493,      -5.853972529,      -2.663765237,       -2.97011248,       1.128225786
          0,           0,         494,      -5.854671579,      -2.663402041,      -2.971489996,       1.127691713
          0,           0,         495,      -5.855327427,      -2.663107726,       -2.97288449,       1.127219543
          0,           0,         496,      -5.855930117,      -2.662891254,      -2.974317118,       1.126819623
          0,           0,         497,      -5.856470559,       -2.66276179,      -2.975803849,       1.126501153
          0,           0,         498,      -5.856940714,      -2.662728741,      -2.977354411,       1.126271985
          0,           0,         499,       -5.85733376,       -2.66280179,      -2.978971387,       1.126138447
